<?xml version="1.0" encoding="utf-8"?>
<eml:eml xmlns:eml="https://eml.ecoinformatics.org/eml-2.2.0" xmlns:xsi="http://www.w3.org/2001/XMLSchema-instance"
         xsi:schemaLocation="https://eml.ecoinformatics.org/eml-2.2.0 https://rs.gbif.org/schema/eml-gbif-profile/1.3/eml.xsd"
packageId="10.15468/dl.w4whp3"  system="http://gbif.org" scope="system"
xml:lang="en">
    <dataset>
        <alternateIdentifier>0067143-241126133413365</alternateIdentifier>
        <title>GBIF Occurrence Download 10.15468/dl.w4whp3</title>
        <creator>
            <individualName>
                <surName>GBIF Download Service</surName>
            </individualName>
            <electronicMailAddress>support@gbif.org</electronicMailAddress>
        </creator>
        <metadataProvider>
            <individualName>
                <surName>GBIF Download Service</surName>
            </individualName>
            <electronicMailAddress>support@gbif.org</electronicMailAddress>
        </metadataProvider>
        <pubDate>
                2025-01-13
        </pubDate>
        <language>ENGLISH</language>
        <abstract>
            A dataset containing all occurrences available in GBIF matching the query:
{
  "and" : [
    "SpeciesKey is one of (Vincetoxicum rossicum (Kleopow) Barbar., Vincetoxicum rossicum (Kleopow) Barbar.)",
    "HasGeospatialIssue is false",
    "HasCoordinate is true",
    "OccurrenceStatus is Present",
    "Geometry POLYGON ((-79.63831 43.58051, -79.11582 43.58051, -79.11582 43.85533, -79.63831 43.85533, -79.63831 43.58051))"
  ]
}
The dataset includes records from the following constituent datasets. The full metadata for each constituent is also included in this archive:
17 records from Royal Ontario Museum Green Plant Herbarium (TRT)
2 records from Canadian Museum of Nature Herbarium
838 records from iNaturalist Research-grade Observations

        </abstract>
        <contact>
            <individualName>
                <surName>GBIF Download Service</surName>
            </individualName>
            <electronicMailAddress>support@gbif.org</electronicMailAddress>
        </contact>

    </dataset>

    <additionalMetadata>
        <metadata>
            <gbif>
                <dateStamp>2025-01-13T20:14:46Z</dateStamp>
                <citation identifier="10.15468/dl.w4whp3">GBIF Occurrence Download 10.15468/dl.w4whp3</citation>
                <physical>
                    <objectName>Darwin Core Archive</objectName>
                    <characterEncoding>UTF-8</characterEncoding>
                    <dataFormat>
                        <externallyDefinedFormat>
                            <formatName>Darwin Core Archive</formatName>
                        </externallyDefinedFormat>
                    </dataFormat>
                    <distribution>
                        <online>
                            <url function="download">https://api.gbif.org/v1/occurrence/download/request/0067143-241126133413365.zip</url>
                        </online>
                    </distribution>
                </physical>
            </gbif>
        </metadata>
    </additionalMetadata>
    </eml:eml>
