<?xml version="1.0" encoding="utf-8"?>
<eml:eml xmlns:eml="https://eml.ecoinformatics.org/eml-2.2.0" xmlns:xsi="http://www.w3.org/2001/XMLSchema-instance"
         xsi:schemaLocation="https://eml.ecoinformatics.org/eml-2.2.0 https://rs.gbif.org/schema/eml-gbif-profile/1.3/eml.xsd"
packageId="10.15468/dl.utbxqd"  system="http://gbif.org" scope="system"
xml:lang="en">
    <dataset>
        <alternateIdentifier>0067091-241126133413365</alternateIdentifier>
        <title>GBIF Occurrence Download 10.15468/dl.utbxqd</title>
        <creator>
            <individualName>
                <surName>GBIF Download Service</surName>
            </individualName>
            <electronicMailAddress>support@gbif.org</electronicMailAddress>
        </creator>
        <metadataProvider>
            <individualName>
                <surName>GBIF Download Service</surName>
            </individualName>
            <electronicMailAddress>support@gbif.org</electronicMailAddress>
        </metadataProvider>
        <pubDate>
                2025-01-13
        </pubDate>
        <language>ENGLISH</language>
        <abstract>
            A dataset containing all occurrences available in GBIF matching the query:
{
  "and" : [
    "SpeciesKey is one of (Apocynum androsaemifolium L., Apocynum cannabinum L., Asclepias exaltata L., Asclepias incarnata L., Asclepias sullivantii Engelm. ex A.Gray, Asclepias syriaca L., Asclepias tuberosa L., Gonolobus niger (Cav.) R.Br., Vinca minor L., Vincetoxicum nigrum (L.) Moench, Vincetoxicum rossicum (Kleopow) Barbar.)",
    "HasGeospatialIssue is false",
    "HasCoordinate is true",
    "OccurrenceStatus is Present",
    "Geometry POLYGON ((-79.63927 43.581, -79.11525 43.581, -79.11525 43.85547, -79.63927 43.85547, -79.63927 43.581))"
  ]
}
The dataset includes records from the following constituent datasets. The full metadata for each constituent is also included in this archive:
137 records from Pl@ntNet automatically identified occurrences
1 records from Marie-Victorin Herbarium (MT) - Plantes vasculaires
1 records from Royal Botanical Gardens Herbarium (HAM)
55 records from Royal Ontario Museum Green Plant Herbarium (TRT)
2 records from Canadian Museum of Nature Herbarium
2908 records from iNaturalist Research-grade Observations
31 records from Pl@ntNet observations

        </abstract>
        <contact>
            <individualName>
                <surName>GBIF Download Service</surName>
            </individualName>
            <electronicMailAddress>support@gbif.org</electronicMailAddress>
        </contact>

    </dataset>

    <additionalMetadata>
        <metadata>
            <gbif>
                <dateStamp>2025-01-13T19:31:37Z</dateStamp>
                <citation identifier="10.15468/dl.utbxqd">GBIF Occurrence Download 10.15468/dl.utbxqd</citation>
                <physical>
                    <objectName>Darwin Core Archive</objectName>
                    <characterEncoding>UTF-8</characterEncoding>
                    <dataFormat>
                        <externallyDefinedFormat>
                            <formatName>Darwin Core Archive</formatName>
                        </externallyDefinedFormat>
                    </dataFormat>
                    <distribution>
                        <online>
                            <url function="download">https://api.gbif.org/v1/occurrence/download/request/0067091-241126133413365.zip</url>
                        </online>
                    </distribution>
                </physical>
            </gbif>
        </metadata>
    </additionalMetadata>
    </eml:eml>
